Handle,Title,Body (HTML),Vendor,Product Category,Type,Tags,Published,Option1 Name,Option1 Value,Option2 Name,Option2 Value,Option3 Name,Option3 Value,Variant SKU,Variant Grams,Variant Inventory Tracker,Variant Inventory Qty,Variant Inventory Policy,Variant Fulfillment Service,Variant Price,Variant Compare At Price,Variant Requires Shipping,Variant Taxable,Variant Barcode,Image Src,Image Position,Image Alt Text,Gift Card,SEO Title,SEO Description,Google Shopping / Google Product Category,Google Shopping / Gender,Google Shopping / Age Group,Google Shopping / MPN,Google Shopping / Condition,Google Shopping / Custom Product,Variant Image,Variant Weight Unit,Variant Tax Code,Cost per item,Status
the-halston-biker,The Halston Biker,"<p>A refined take on the classic biker. Full-grain Italian leather, asymmetric zip, and a hand-waxed finish that only deepens with wear.</p><ul><li>Handcrafted in our European atelier</li><li>Premium hardware and bonded-thread stitching</li><li>Lifetime repair guarantee</li></ul>",Orlaven,Apparel & Accessories > Clothing > Outerwear > Coats & Jackets,Biker Jacket,"biker, full-grain-leather, best-sellers, new-arrivals, jackets, moto",TRUE,Size,S,Color,Espresso,,,ORL-HALSTON-BIKER-S-ESP,1400,shopify,8,deny,manual,1395.00,1495.00,TRUE,TRUE,,https://images.unsplash.com/photo-1551028719-00167b16eac5?w=1600&q=80&auto=format&fit=crop,1,The Halston Biker in Espresso - front view,FALSE,The Halston Biker | Handcrafted Leather | Orlaven,The Halston Biker: full grain leather biker jacket handcrafted by Orlaven. Sizes S to XXL. Free shipping over $200.,Apparel & Accessories > Clothing > Outerwear > Coats & Jackets,unisex,adult,ORL-HALSTON-BIKER-S-ESP,new,TRUE,,g,,558.00,active
the-halston-biker,,,Orlaven,,,,,Size,M,Color,Espresso,,,ORL-HALSTON-BIKER-M-ESP,1400,shopify,9,deny,manual,1395.00,1495.00,TRUE,TRUE,,,,,FALSE,,,Apparel & Accessories > Clothing > Outerwear > Coats & Jackets,unisex,adult,ORL-HALSTON-BIKER-M-ESP,new,TRUE,,g,,558.00,active
the-halston-biker,,,Orlaven,,,,,Size,L,Color,Espresso,,,ORL-HALSTON-BIKER-L-ESP,1400,shopify,10,deny,manual,1395.00,1495.00,TRUE,TRUE,,,,,FALSE,,,Apparel & Accessories > Clothing > Outerwear > Coats & Jackets,unisex,adult,ORL-HALSTON-BIKER-L-ESP,new,TRUE,,g,,558.00,active
the-halston-biker,,,Orlaven,,,,,Size,XL,Color,Espresso,,,ORL-HALSTON-BIKER-XL-ESP,1400,shopify,8,deny,manual,1395.00,1495.00,TRUE,TRUE,,,,,FALSE,,,Apparel & Accessories > Clothing > Outerwear > Coats & Jackets,unisex,adult,ORL-HALSTON-BIKER-XL-ESP,new,TRUE,,g,,558.00,active
the-halston-biker,,,Orlaven,,,,,Size,XXL,Color,Espresso,,,ORL-HALSTON-BIKER-XXL-ESP,1400,shopify,9,deny,manual,1395.00,1495.00,TRUE,TRUE,,,,,FALSE,,,Apparel & Accessories > Clothing > Outerwear > Coats & Jackets,unisex,adult,ORL-HALSTON-BIKER-XXL-ESP,new,TRUE,,g,,558.00,active
the-halston-biker,,,Orlaven,,,,,Size,S,Color,Black,,,ORL-HALSTON-BIKER-S-BLK,1400,shopify,9,deny,manual,1395.00,1495.00,TRUE,TRUE,,,,,FALSE,,,Apparel & Accessories > Clothing > Outerwear > Coats & Jackets,unisex,adult,ORL-HALSTON-BIKER-S-BLK,new,TRUE,,g,,558.00,active
the-halston-biker,,,Orlaven,,,,,Size,M,Color,Black,,,ORL-HALSTON-BIKER-M-BLK,1400,shopify,10,deny,manual,1395.00,1495.00,TRUE,TRUE,,,,,FALSE,,,Apparel & Accessories > Clothing > Outerwear > Coats & Jackets,unisex,adult,ORL-HALSTON-BIKER-M-BLK,new,TRUE,,g,,558.00,active
the-halston-biker,,,Orlaven,,,,,Size,L,Color,Black,,,ORL-HALSTON-BIKER-L-BLK,1400,shopify,11,deny,manual,1395.00,1495.00,TRUE,TRUE,,,,,FALSE,,,Apparel & Accessories > Clothing > Outerwear > Coats & Jackets,unisex,adult,ORL-HALSTON-BIKER-L-BLK,new,TRUE,,g,,558.00,active
the-halston-biker,,,Orlaven,,,,,Size,XL,Color,Black,,,ORL-HALSTON-BIKER-XL-BLK,1400,shopify,9,deny,manual,1395.00,1495.00,TRUE,TRUE,,,,,FALSE,,,Apparel & Accessories > Clothing > Outerwear > Coats & Jackets,unisex,adult,ORL-HALSTON-BIKER-XL-BLK,new,TRUE,,g,,558.00,active
the-halston-biker,,,Orlaven,,,,,Size,XXL,Color,Black,,,ORL-HALSTON-BIKER-XXL-BLK,1400,shopify,10,deny,manual,1395.00,1495.00,TRUE,TRUE,,,,,FALSE,,,Apparel & Accessories > Clothing > Outerwear > Coats & Jackets,unisex,adult,ORL-HALSTON-BIKER-XXL-BLK,new,TRUE,,g,,558.00,active
the-halston-biker,,,Orlaven,,,,,Size,S,Color,Oxblood,,,ORL-HALSTON-BIKER-S-OXB,1400,shopify,8,deny,manual,1395.00,1495.00,TRUE,TRUE,,,,,FALSE,,,Apparel & Accessories > Clothing > Outerwear > Coats & Jackets,unisex,adult,ORL-HALSTON-BIKER-S-OXB,new,TRUE,,g,,558.00,active
the-halston-biker,,,Orlaven,,,,,Size,M,Color,Oxblood,,,ORL-HALSTON-BIKER-M-OXB,1400,shopify,9,deny,manual,1395.00,1495.00,TRUE,TRUE,,,,,FALSE,,,Apparel & Accessories > Clothing > Outerwear > Coats & Jackets,unisex,adult,ORL-HALSTON-BIKER-M-OXB,new,TRUE,,g,,558.00,active
the-halston-biker,,,Orlaven,,,,,Size,L,Color,Oxblood,,,ORL-HALSTON-BIKER-L-OXB,1400,shopify,10,deny,manual,1395.00,1495.00,TRUE,TRUE,,,,,FALSE,,,Apparel & Accessories > Clothing > Outerwear > Coats & Jackets,unisex,adult,ORL-HALSTON-BIKER-L-OXB,new,TRUE,,g,,558.00,active
the-halston-biker,,,Orlaven,,,,,Size,XL,Color,Oxblood,,,ORL-HALSTON-BIKER-XL-OXB,1400,shopify,8,deny,manual,1395.00,1495.00,TRUE,TRUE,,,,,FALSE,,,Apparel & Accessories > Clothing > Outerwear > Coats & Jackets,unisex,adult,ORL-HALSTON-BIKER-XL-OXB,new,TRUE,,g,,558.00,active
the-halston-biker,,,Orlaven,,,,,Size,XXL,Color,Oxblood,,,ORL-HALSTON-BIKER-XXL-OXB,1400,shopify,9,deny,manual,1395.00,1495.00,TRUE,TRUE,,,,,FALSE,,,Apparel & Accessories > Clothing > Outerwear > Coats & Jackets,unisex,adult,ORL-HALSTON-BIKER-XXL-OXB,new,TRUE,,g,,558.00,active
the-halston-biker,,,Orlaven,,,,TRUE,,,,,,,,,,,,,,,,,,https://images.unsplash.com/photo-1520975916090-3105956dac38?w=1600&q=80&auto=format&fit=crop,2,The Halston Biker - side detail,,,,,,,,,,,,,,
the-halston-biker,,,Orlaven,,,,TRUE,,,,,,,,,,,,,,,,,,https://images.unsplash.com/photo-1521572163474-6864f9cf17ab?w=1600&q=80&auto=format&fit=crop,3,The Halston Biker - lifestyle,,,,,,,,,,,,,,
the-ashford-bomber,The Ashford Bomber,"<p>Softly structured bomber in buttery lambskin. Ribbed collar, cuffs and hem; satin-lined body for a clean drape.</p><ul><li>Handcrafted in our European atelier</li><li>Premium hardware and bonded-thread stitching</li><li>Lifetime repair guarantee</li></ul>",Orlaven,Apparel & Accessories > Clothing > Outerwear > Coats & Jackets,Bomber Jacket,"bomber, lambskin, best-sellers, jackets",TRUE,Size,S,Color,Cognac,,,ORL-ASHFORD-BOMBER-S-COG,950,shopify,8,deny,manual,895.00,,TRUE,TRUE,,https://images.unsplash.com/photo-1520975916090-3105956dac38?w=1600&q=80&auto=format&fit=crop,1,The Ashford Bomber in Cognac - front view,FALSE,The Ashford Bomber | Handcrafted Leather | Orlaven,The Ashford Bomber: lambskin bomber jacket handcrafted by Orlaven. Sizes S to XXL. Free shipping over $200.,Apparel & Accessories > Clothing > Outerwear > Coats & Jackets,unisex,adult,ORL-ASHFORD-BOMBER-S-COG,new,TRUE,,g,,358.00,active
the-ashford-bomber,,,Orlaven,,,,,Size,M,Color,Cognac,,,ORL-ASHFORD-BOMBER-M-COG,950,shopify,9,deny,manual,895.00,,TRUE,TRUE,,,,,FALSE,,,Apparel & Accessories > Clothing > Outerwear > Coats & Jackets,unisex,adult,ORL-ASHFORD-BOMBER-M-COG,new,TRUE,,g,,358.00,active
the-ashford-bomber,,,Orlaven,,,,,Size,L,Color,Cognac,,,ORL-ASHFORD-BOMBER-L-COG,950,shopify,10,deny,manual,895.00,,TRUE,TRUE,,,,,FALSE,,,Apparel & Accessories > Clothing > Outerwear > Coats & Jackets,unisex,adult,ORL-ASHFORD-BOMBER-L-COG,new,TRUE,,g,,358.00,active
the-ashford-bomber,,,Orlaven,,,,,Size,XL,Color,Cognac,,,ORL-ASHFORD-BOMBER-XL-COG,950,shopify,8,deny,manual,895.00,,TRUE,TRUE,,,,,FALSE,,,Apparel & Accessories > Clothing > Outerwear > Coats & Jackets,unisex,adult,ORL-ASHFORD-BOMBER-XL-COG,new,TRUE,,g,,358.00,active
the-ashford-bomber,,,Orlaven,,,,,Size,XXL,Color,Cognac,,,ORL-ASHFORD-BOMBER-XXL-COG,950,shopify,9,deny,manual,895.00,,TRUE,TRUE,,,,,FALSE,,,Apparel & Accessories > Clothing > Outerwear > Coats & Jackets,unisex,adult,ORL-ASHFORD-BOMBER-XXL-COG,new,TRUE,,g,,358.00,active
the-ashford-bomber,,,Orlaven,,,,,Size,S,Color,Black,,,ORL-ASHFORD-BOMBER-S-BLK,950,shopify,9,deny,manual,895.00,,TRUE,TRUE,,,,,FALSE,,,Apparel & Accessories > Clothing > Outerwear > Coats & Jackets,unisex,adult,ORL-ASHFORD-BOMBER-S-BLK,new,TRUE,,g,,358.00,active
the-ashford-bomber,,,Orlaven,,,,,Size,M,Color,Black,,,ORL-ASHFORD-BOMBER-M-BLK,950,shopify,10,deny,manual,895.00,,TRUE,TRUE,,,,,FALSE,,,Apparel & Accessories > Clothing > Outerwear > Coats & Jackets,unisex,adult,ORL-ASHFORD-BOMBER-M-BLK,new,TRUE,,g,,358.00,active
the-ashford-bomber,,,Orlaven,,,,,Size,L,Color,Black,,,ORL-ASHFORD-BOMBER-L-BLK,950,shopify,11,deny,manual,895.00,,TRUE,TRUE,,,,,FALSE,,,Apparel & Accessories > Clothing > Outerwear > Coats & Jackets,unisex,adult,ORL-ASHFORD-BOMBER-L-BLK,new,TRUE,,g,,358.00,active
the-ashford-bomber,,,Orlaven,,,,,Size,XL,Color,Black,,,ORL-ASHFORD-BOMBER-XL-BLK,950,shopify,9,deny,manual,895.00,,TRUE,TRUE,,,,,FALSE,,,Apparel & Accessories > Clothing > Outerwear > Coats & Jackets,unisex,adult,ORL-ASHFORD-BOMBER-XL-BLK,new,TRUE,,g,,358.00,active
the-ashford-bomber,,,Orlaven,,,,,Size,XXL,Color,Black,,,ORL-ASHFORD-BOMBER-XXL-BLK,950,shopify,10,deny,manual,895.00,,TRUE,TRUE,,,,,FALSE,,,Apparel & Accessories > Clothing > Outerwear > Coats & Jackets,unisex,adult,ORL-ASHFORD-BOMBER-XXL-BLK,new,TRUE,,g,,358.00,active
the-ashford-bomber,,,Orlaven,,,,TRUE,,,,,,,,,,,,,,,,,,https://images.unsplash.com/photo-1521572163474-6864f9cf17ab?w=1600&q=80&auto=format&fit=crop,2,The Ashford Bomber - side detail,,,,,,,,,,,,,,
the-ashford-bomber,,,Orlaven,,,,TRUE,,,,,,,,,,,,,,,,,,https://images.unsplash.com/photo-1514996937319-344454492b37?w=1600&q=80&auto=format&fit=crop,3,The Ashford Bomber - lifestyle,,,,,,,,,,,,,,
the-marlowe-cafe-racer,The Marlowe Cafe Racer,"<p>Slim, minimal cafe racer cut from full-grain Horween leather. Snap stand collar and hand-painted edges.</p><ul><li>Handcrafted in our European atelier</li><li>Premium hardware and bonded-thread stitching</li><li>Lifetime repair guarantee</li></ul>",Orlaven,Apparel & Accessories > Clothing > Outerwear > Coats & Jackets,Cafe Racer,"cafe-racer, full-grain-leather, new-arrivals, jackets, moto",TRUE,Size,S,Color,Espresso,,,ORL-MARLOWE-CAFE-RACER-S-ESP,1200,shopify,8,deny,manual,1195.00,,TRUE,TRUE,,https://images.unsplash.com/photo-1521572163474-6864f9cf17ab?w=1600&q=80&auto=format&fit=crop,1,The Marlowe Cafe Racer in Espresso - front view,FALSE,The Marlowe Cafe Racer | Handcrafted Leather | Orlaven,The Marlowe Cafe Racer: full grain leather cafe racer handcrafted by Orlaven. Sizes S to XXL. Free shipping over $200.,Apparel & Accessories > Clothing > Outerwear > Coats & Jackets,unisex,adult,ORL-MARLOWE-CAFE-RACER-S-ESP,new,TRUE,,g,,478.00,active
the-marlowe-cafe-racer,,,Orlaven,,,,,Size,M,Color,Espresso,,,ORL-MARLOWE-CAFE-RACER-M-ESP,1200,shopify,9,deny,manual,1195.00,,TRUE,TRUE,,,,,FALSE,,,Apparel & Accessories > Clothing > Outerwear > Coats & Jackets,unisex,adult,ORL-MARLOWE-CAFE-RACER-M-ESP,new,TRUE,,g,,478.00,active
the-marlowe-cafe-racer,,,Orlaven,,,,,Size,L,Color,Espresso,,,ORL-MARLOWE-CAFE-RACER-L-ESP,1200,shopify,10,deny,manual,1195.00,,TRUE,TRUE,,,,,FALSE,,,Apparel & Accessories > Clothing > Outerwear > Coats & Jackets,unisex,adult,ORL-MARLOWE-CAFE-RACER-L-ESP,new,TRUE,,g,,478.00,active
the-marlowe-cafe-racer,,,Orlaven,,,,,Size,XL,Color,Espresso,,,ORL-MARLOWE-CAFE-RACER-XL-ESP,1200,shopify,8,deny,manual,1195.00,,TRUE,TRUE,,,,,FALSE,,,Apparel & Accessories > Clothing > Outerwear > Coats & Jackets,unisex,adult,ORL-MARLOWE-CAFE-RACER-XL-ESP,new,TRUE,,g,,478.00,active
the-marlowe-cafe-racer,,,Orlaven,,,,,Size,XXL,Color,Espresso,,,ORL-MARLOWE-CAFE-RACER-XXL-ESP,1200,shopify,9,deny,manual,1195.00,,TRUE,TRUE,,,,,FALSE,,,Apparel & Accessories > Clothing > Outerwear > Coats & Jackets,unisex,adult,ORL-MARLOWE-CAFE-RACER-XXL-ESP,new,TRUE,,g,,478.00,active
the-marlowe-cafe-racer,,,Orlaven,,,,,Size,S,Color,Black,,,ORL-MARLOWE-CAFE-RACER-S-BLK,1200,shopify,9,deny,manual,1195.00,,TRUE,TRUE,,,,,FALSE,,,Apparel & Accessories > Clothing > Outerwear > Coats & Jackets,unisex,adult,ORL-MARLOWE-CAFE-RACER-S-BLK,new,TRUE,,g,,478.00,active
the-marlowe-cafe-racer,,,Orlaven,,,,,Size,M,Color,Black,,,ORL-MARLOWE-CAFE-RACER-M-BLK,1200,shopify,10,deny,manual,1195.00,,TRUE,TRUE,,,,,FALSE,,,Apparel & Accessories > Clothing > Outerwear > Coats & Jackets,unisex,adult,ORL-MARLOWE-CAFE-RACER-M-BLK,new,TRUE,,g,,478.00,active
the-marlowe-cafe-racer,,,Orlaven,,,,,Size,L,Color,Black,,,ORL-MARLOWE-CAFE-RACER-L-BLK,1200,shopify,11,deny,manual,1195.00,,TRUE,TRUE,,,,,FALSE,,,Apparel & Accessories > Clothing > Outerwear > Coats & Jackets,unisex,adult,ORL-MARLOWE-CAFE-RACER-L-BLK,new,TRUE,,g,,478.00,active
the-marlowe-cafe-racer,,,Orlaven,,,,,Size,XL,Color,Black,,,ORL-MARLOWE-CAFE-RACER-XL-BLK,1200,shopify,9,deny,manual,1195.00,,TRUE,TRUE,,,,,FALSE,,,Apparel & Accessories > Clothing > Outerwear > Coats & Jackets,unisex,adult,ORL-MARLOWE-CAFE-RACER-XL-BLK,new,TRUE,,g,,478.00,active
the-marlowe-cafe-racer,,,Orlaven,,,,,Size,XXL,Color,Black,,,ORL-MARLOWE-CAFE-RACER-XXL-BLK,1200,shopify,10,deny,manual,1195.00,,TRUE,TRUE,,,,,FALSE,,,Apparel & Accessories > Clothing > Outerwear > Coats & Jackets,unisex,adult,ORL-MARLOWE-CAFE-RACER-XXL-BLK,new,TRUE,,g,,478.00,active
the-marlowe-cafe-racer,,,Orlaven,,,,TRUE,,,,,,,,,,,,,,,,,,https://images.unsplash.com/photo-1514996937319-344454492b37?w=1600&q=80&auto=format&fit=crop,2,The Marlowe Cafe Racer - side detail,,,,,,,,,,,,,,
the-marlowe-cafe-racer,,,Orlaven,,,,TRUE,,,,,,,,,,,,,,,,,,https://images.unsplash.com/photo-1544022613-e87ca75a784a?w=1600&q=80&auto=format&fit=crop,3,The Marlowe Cafe Racer - lifestyle,,,,,,,,,,,,,,
the-kingsley-aviator,The Kingsley Aviator,<p>Lined in natural shearling with a full-grain shell. Built for cold commutes and long winters.</p><ul><li>Handcrafted in our European atelier</li><li>Premium hardware and bonded-thread stitching</li><li>Lifetime repair guarantee</li></ul>,Orlaven,Apparel & Accessories > Clothing > Outerwear > Coats & Jackets,Aviator Jacket,"aviator, shearling, jackets, outerwear",TRUE,Size,S,Color,Fawn,,,ORL-KINGSLEY-AVIATOR-S-FWN,2200,shopify,8,deny,manual,2195.00,2395.00,TRUE,TRUE,,https://images.unsplash.com/photo-1514996937319-344454492b37?w=1600&q=80&auto=format&fit=crop,1,The Kingsley Aviator in Fawn - front view,FALSE,The Kingsley Aviator | Handcrafted Leather | Orlaven,The Kingsley Aviator: shearling aviator jacket handcrafted by Orlaven. Sizes S to XXL. Free shipping over $200.,Apparel & Accessories > Clothing > Outerwear > Coats & Jackets,unisex,adult,ORL-KINGSLEY-AVIATOR-S-FWN,new,TRUE,,g,,878.00,active
the-kingsley-aviator,,,Orlaven,,,,,Size,M,Color,Fawn,,,ORL-KINGSLEY-AVIATOR-M-FWN,2200,shopify,9,deny,manual,2195.00,2395.00,TRUE,TRUE,,,,,FALSE,,,Apparel & Accessories > Clothing > Outerwear > Coats & Jackets,unisex,adult,ORL-KINGSLEY-AVIATOR-M-FWN,new,TRUE,,g,,878.00,active
the-kingsley-aviator,,,Orlaven,,,,,Size,L,Color,Fawn,,,ORL-KINGSLEY-AVIATOR-L-FWN,2200,shopify,10,deny,manual,2195.00,2395.00,TRUE,TRUE,,,,,FALSE,,,Apparel & Accessories > Clothing > Outerwear > Coats & Jackets,unisex,adult,ORL-KINGSLEY-AVIATOR-L-FWN,new,TRUE,,g,,878.00,active
the-kingsley-aviator,,,Orlaven,,,,,Size,XL,Color,Fawn,,,ORL-KINGSLEY-AVIATOR-XL-FWN,2200,shopify,8,deny,manual,2195.00,2395.00,TRUE,TRUE,,,,,FALSE,,,Apparel & Accessories > Clothing > Outerwear > Coats & Jackets,unisex,adult,ORL-KINGSLEY-AVIATOR-XL-FWN,new,TRUE,,g,,878.00,active
the-kingsley-aviator,,,Orlaven,,,,,Size,XXL,Color,Fawn,,,ORL-KINGSLEY-AVIATOR-XXL-FWN,2200,shopify,9,deny,manual,2195.00,2395.00,TRUE,TRUE,,,,,FALSE,,,Apparel & Accessories > Clothing > Outerwear > Coats & Jackets,unisex,adult,ORL-KINGSLEY-AVIATOR-XXL-FWN,new,TRUE,,g,,878.00,active
the-kingsley-aviator,,,Orlaven,,,,,Size,S,Color,Espresso,,,ORL-KINGSLEY-AVIATOR-S-ESP,2200,shopify,9,deny,manual,2195.00,2395.00,TRUE,TRUE,,,,,FALSE,,,Apparel & Accessories > Clothing > Outerwear > Coats & Jackets,unisex,adult,ORL-KINGSLEY-AVIATOR-S-ESP,new,TRUE,,g,,878.00,active
the-kingsley-aviator,,,Orlaven,,,,,Size,M,Color,Espresso,,,ORL-KINGSLEY-AVIATOR-M-ESP,2200,shopify,10,deny,manual,2195.00,2395.00,TRUE,TRUE,,,,,FALSE,,,Apparel & Accessories > Clothing > Outerwear > Coats & Jackets,unisex,adult,ORL-KINGSLEY-AVIATOR-M-ESP,new,TRUE,,g,,878.00,active
the-kingsley-aviator,,,Orlaven,,,,,Size,L,Color,Espresso,,,ORL-KINGSLEY-AVIATOR-L-ESP,2200,shopify,11,deny,manual,2195.00,2395.00,TRUE,TRUE,,,,,FALSE,,,Apparel & Accessories > Clothing > Outerwear > Coats & Jackets,unisex,adult,ORL-KINGSLEY-AVIATOR-L-ESP,new,TRUE,,g,,878.00,active
the-kingsley-aviator,,,Orlaven,,,,,Size,XL,Color,Espresso,,,ORL-KINGSLEY-AVIATOR-XL-ESP,2200,shopify,9,deny,manual,2195.00,2395.00,TRUE,TRUE,,,,,FALSE,,,Apparel & Accessories > Clothing > Outerwear > Coats & Jackets,unisex,adult,ORL-KINGSLEY-AVIATOR-XL-ESP,new,TRUE,,g,,878.00,active
the-kingsley-aviator,,,Orlaven,,,,,Size,XXL,Color,Espresso,,,ORL-KINGSLEY-AVIATOR-XXL-ESP,2200,shopify,10,deny,manual,2195.00,2395.00,TRUE,TRUE,,,,,FALSE,,,Apparel & Accessories > Clothing > Outerwear > Coats & Jackets,unisex,adult,ORL-KINGSLEY-AVIATOR-XXL-ESP,new,TRUE,,g,,878.00,active
the-kingsley-aviator,,,Orlaven,,,,TRUE,,,,,,,,,,,,,,,,,,https://images.unsplash.com/photo-1544022613-e87ca75a784a?w=1600&q=80&auto=format&fit=crop,2,The Kingsley Aviator - side detail,,,,,,,,,,,,,,
the-hadley-shearling,The Hadley Shearling,"<p>A statement shearling in Italian lambskin. Rolled collar, tortoiseshell buttons, mid-thigh cut.</p><ul><li>Handcrafted in our European atelier</li><li>Premium hardware and bonded-thread stitching</li><li>Lifetime repair guarantee</li></ul>",Orlaven,Apparel & Accessories > Clothing > Outerwear > Coats & Jackets,Shearling Coat,"shearling, best-sellers, jackets, outerwear",TRUE,Size,S,Color,Ivory,,,ORL-HADLEY-SHEARLING-S-IVY,2400,shopify,8,deny,manual,2495.00,,TRUE,TRUE,,https://images.unsplash.com/photo-1544022613-e87ca75a784a?w=1600&q=80&auto=format&fit=crop,1,The Hadley Shearling in Ivory - front view,FALSE,The Hadley Shearling | Handcrafted Leather | Orlaven,The Hadley Shearling: shearling shearling coat handcrafted by Orlaven. Sizes S to XXL. Free shipping over $200.,Apparel & Accessories > Clothing > Outerwear > Coats & Jackets,unisex,adult,ORL-HADLEY-SHEARLING-S-IVY,new,TRUE,,g,,998.00,active
the-hadley-shearling,,,Orlaven,,,,,Size,M,Color,Ivory,,,ORL-HADLEY-SHEARLING-M-IVY,2400,shopify,9,deny,manual,2495.00,,TRUE,TRUE,,,,,FALSE,,,Apparel & Accessories > Clothing > Outerwear > Coats & Jackets,unisex,adult,ORL-HADLEY-SHEARLING-M-IVY,new,TRUE,,g,,998.00,active
the-hadley-shearling,,,Orlaven,,,,,Size,L,Color,Ivory,,,ORL-HADLEY-SHEARLING-L-IVY,2400,shopify,10,deny,manual,2495.00,,TRUE,TRUE,,,,,FALSE,,,Apparel & Accessories > Clothing > Outerwear > Coats & Jackets,unisex,adult,ORL-HADLEY-SHEARLING-L-IVY,new,TRUE,,g,,998.00,active
the-hadley-shearling,,,Orlaven,,,,,Size,XL,Color,Ivory,,,ORL-HADLEY-SHEARLING-XL-IVY,2400,shopify,8,deny,manual,2495.00,,TRUE,TRUE,,,,,FALSE,,,Apparel & Accessories > Clothing > Outerwear > Coats & Jackets,unisex,adult,ORL-HADLEY-SHEARLING-XL-IVY,new,TRUE,,g,,998.00,active
the-hadley-shearling,,,Orlaven,,,,,Size,XXL,Color,Ivory,,,ORL-HADLEY-SHEARLING-XXL-IVY,2400,shopify,9,deny,manual,2495.00,,TRUE,TRUE,,,,,FALSE,,,Apparel & Accessories > Clothing > Outerwear > Coats & Jackets,unisex,adult,ORL-HADLEY-SHEARLING-XXL-IVY,new,TRUE,,g,,998.00,active
the-hadley-shearling,,,Orlaven,,,,,Size,S,Color,Fawn,,,ORL-HADLEY-SHEARLING-S-FWN,2400,shopify,9,deny,manual,2495.00,,TRUE,TRUE,,,,,FALSE,,,Apparel & Accessories > Clothing > Outerwear > Coats & Jackets,unisex,adult,ORL-HADLEY-SHEARLING-S-FWN,new,TRUE,,g,,998.00,active
the-hadley-shearling,,,Orlaven,,,,,Size,M,Color,Fawn,,,ORL-HADLEY-SHEARLING-M-FWN,2400,shopify,10,deny,manual,2495.00,,TRUE,TRUE,,,,,FALSE,,,Apparel & Accessories > Clothing > Outerwear > Coats & Jackets,unisex,adult,ORL-HADLEY-SHEARLING-M-FWN,new,TRUE,,g,,998.00,active
the-hadley-shearling,,,Orlaven,,,,,Size,L,Color,Fawn,,,ORL-HADLEY-SHEARLING-L-FWN,2400,shopify,11,deny,manual,2495.00,,TRUE,TRUE,,,,,FALSE,,,Apparel & Accessories > Clothing > Outerwear > Coats & Jackets,unisex,adult,ORL-HADLEY-SHEARLING-L-FWN,new,TRUE,,g,,998.00,active
the-hadley-shearling,,,Orlaven,,,,,Size,XL,Color,Fawn,,,ORL-HADLEY-SHEARLING-XL-FWN,2400,shopify,9,deny,manual,2495.00,,TRUE,TRUE,,,,,FALSE,,,Apparel & Accessories > Clothing > Outerwear > Coats & Jackets,unisex,adult,ORL-HADLEY-SHEARLING-XL-FWN,new,TRUE,,g,,998.00,active
the-hadley-shearling,,,Orlaven,,,,,Size,XXL,Color,Fawn,,,ORL-HADLEY-SHEARLING-XXL-FWN,2400,shopify,10,deny,manual,2495.00,,TRUE,TRUE,,,,,FALSE,,,Apparel & Accessories > Clothing > Outerwear > Coats & Jackets,unisex,adult,ORL-HADLEY-SHEARLING-XXL-FWN,new,TRUE,,g,,998.00,active
the-hadley-shearling,,,Orlaven,,,,,Size,S,Color,Cognac,,,ORL-HADLEY-SHEARLING-S-COG,2400,shopify,8,deny,manual,2495.00,,TRUE,TRUE,,,,,FALSE,,,Apparel & Accessories > Clothing > Outerwear > Coats & Jackets,unisex,adult,ORL-HADLEY-SHEARLING-S-COG,new,TRUE,,g,,998.00,active
the-hadley-shearling,,,Orlaven,,,,,Size,M,Color,Cognac,,,ORL-HADLEY-SHEARLING-M-COG,2400,shopify,9,deny,manual,2495.00,,TRUE,TRUE,,,,,FALSE,,,Apparel & Accessories > Clothing > Outerwear > Coats & Jackets,unisex,adult,ORL-HADLEY-SHEARLING-M-COG,new,TRUE,,g,,998.00,active
the-hadley-shearling,,,Orlaven,,,,,Size,L,Color,Cognac,,,ORL-HADLEY-SHEARLING-L-COG,2400,shopify,10,deny,manual,2495.00,,TRUE,TRUE,,,,,FALSE,,,Apparel & Accessories > Clothing > Outerwear > Coats & Jackets,unisex,adult,ORL-HADLEY-SHEARLING-L-COG,new,TRUE,,g,,998.00,active
the-hadley-shearling,,,Orlaven,,,,,Size,XL,Color,Cognac,,,ORL-HADLEY-SHEARLING-XL-COG,2400,shopify,8,deny,manual,2495.00,,TRUE,TRUE,,,,,FALSE,,,Apparel & Accessories > Clothing > Outerwear > Coats & Jackets,unisex,adult,ORL-HADLEY-SHEARLING-XL-COG,new,TRUE,,g,,998.00,active
the-hadley-shearling,,,Orlaven,,,,,Size,XXL,Color,Cognac,,,ORL-HADLEY-SHEARLING-XXL-COG,2400,shopify,9,deny,manual,2495.00,,TRUE,TRUE,,,,,FALSE,,,Apparel & Accessories > Clothing > Outerwear > Coats & Jackets,unisex,adult,ORL-HADLEY-SHEARLING-XXL-COG,new,TRUE,,g,,998.00,active
the-hadley-shearling,,,Orlaven,,,,TRUE,,,,,,,,,,,,,,,,,,https://images.unsplash.com/photo-1558618666-fcd25c85cd64?w=1600&q=80&auto=format&fit=crop,2,The Hadley Shearling - side detail,,,,,,,,,,,,,,
the-hadley-shearling,,,Orlaven,,,,TRUE,,,,,,,,,,,,,,,,,,https://images.unsplash.com/photo-1551232864-3f0890e580d9?w=1600&q=80&auto=format&fit=crop,3,The Hadley Shearling - lifestyle,,,,,,,,,,,,,,
the-westbrook-moto,The Westbrook Moto,"<p>Race-inspired moto with asymmetric zip, forearm zippers, and an anatomical sleeve bend. Full-grain cowhide.</p><ul><li>Handcrafted in our European atelier</li><li>Premium hardware and bonded-thread stitching</li><li>Lifetime repair guarantee</li></ul>",Orlaven,Apparel & Accessories > Clothing > Outerwear > Coats & Jackets,Moto Jacket,"biker, full-grain-leather, moto, new-arrivals, jackets",TRUE,Size,S,Color,Black,,,ORL-WESTBROOK-MOTO-S-BLK,1450,shopify,8,deny,manual,1295.00,,TRUE,TRUE,,https://images.unsplash.com/photo-1558618666-fcd25c85cd64?w=1600&q=80&auto=format&fit=crop,1,The Westbrook Moto in Black - front view,FALSE,The Westbrook Moto | Handcrafted Leather | Orlaven,The Westbrook Moto: full grain leather moto jacket handcrafted by Orlaven. Sizes S to XXL. Free shipping over $200.,Apparel & Accessories > Clothing > Outerwear > Coats & Jackets,unisex,adult,ORL-WESTBROOK-MOTO-S-BLK,new,TRUE,,g,,518.00,active
the-westbrook-moto,,,Orlaven,,,,,Size,M,Color,Black,,,ORL-WESTBROOK-MOTO-M-BLK,1450,shopify,9,deny,manual,1295.00,,TRUE,TRUE,,,,,FALSE,,,Apparel & Accessories > Clothing > Outerwear > Coats & Jackets,unisex,adult,ORL-WESTBROOK-MOTO-M-BLK,new,TRUE,,g,,518.00,active
the-westbrook-moto,,,Orlaven,,,,,Size,L,Color,Black,,,ORL-WESTBROOK-MOTO-L-BLK,1450,shopify,10,deny,manual,1295.00,,TRUE,TRUE,,,,,FALSE,,,Apparel & Accessories > Clothing > Outerwear > Coats & Jackets,unisex,adult,ORL-WESTBROOK-MOTO-L-BLK,new,TRUE,,g,,518.00,active
the-westbrook-moto,,,Orlaven,,,,,Size,XL,Color,Black,,,ORL-WESTBROOK-MOTO-XL-BLK,1450,shopify,8,deny,manual,1295.00,,TRUE,TRUE,,,,,FALSE,,,Apparel & Accessories > Clothing > Outerwear > Coats & Jackets,unisex,adult,ORL-WESTBROOK-MOTO-XL-BLK,new,TRUE,,g,,518.00,active
the-westbrook-moto,,,Orlaven,,,,,Size,XXL,Color,Black,,,ORL-WESTBROOK-MOTO-XXL-BLK,1450,shopify,9,deny,manual,1295.00,,TRUE,TRUE,,,,,FALSE,,,Apparel & Accessories > Clothing > Outerwear > Coats & Jackets,unisex,adult,ORL-WESTBROOK-MOTO-XXL-BLK,new,TRUE,,g,,518.00,active
the-westbrook-moto,,,Orlaven,,,,,Size,S,Color,Espresso,,,ORL-WESTBROOK-MOTO-S-ESP,1450,shopify,9,deny,manual,1295.00,,TRUE,TRUE,,,,,FALSE,,,Apparel & Accessories > Clothing > Outerwear > Coats & Jackets,unisex,adult,ORL-WESTBROOK-MOTO-S-ESP,new,TRUE,,g,,518.00,active
the-westbrook-moto,,,Orlaven,,,,,Size,M,Color,Espresso,,,ORL-WESTBROOK-MOTO-M-ESP,1450,shopify,10,deny,manual,1295.00,,TRUE,TRUE,,,,,FALSE,,,Apparel & Accessories > Clothing > Outerwear > Coats & Jackets,unisex,adult,ORL-WESTBROOK-MOTO-M-ESP,new,TRUE,,g,,518.00,active
the-westbrook-moto,,,Orlaven,,,,,Size,L,Color,Espresso,,,ORL-WESTBROOK-MOTO-L-ESP,1450,shopify,11,deny,manual,1295.00,,TRUE,TRUE,,,,,FALSE,,,Apparel & Accessories > Clothing > Outerwear > Coats & Jackets,unisex,adult,ORL-WESTBROOK-MOTO-L-ESP,new,TRUE,,g,,518.00,active
the-westbrook-moto,,,Orlaven,,,,,Size,XL,Color,Espresso,,,ORL-WESTBROOK-MOTO-XL-ESP,1450,shopify,9,deny,manual,1295.00,,TRUE,TRUE,,,,,FALSE,,,Apparel & Accessories > Clothing > Outerwear > Coats & Jackets,unisex,adult,ORL-WESTBROOK-MOTO-XL-ESP,new,TRUE,,g,,518.00,active
the-westbrook-moto,,,Orlaven,,,,,Size,XXL,Color,Espresso,,,ORL-WESTBROOK-MOTO-XXL-ESP,1450,shopify,10,deny,manual,1295.00,,TRUE,TRUE,,,,,FALSE,,,Apparel & Accessories > Clothing > Outerwear > Coats & Jackets,unisex,adult,ORL-WESTBROOK-MOTO-XXL-ESP,new,TRUE,,g,,518.00,active
the-westbrook-moto,,,Orlaven,,,,TRUE,,,,,,,,,,,,,,,,,,https://images.unsplash.com/photo-1551232864-3f0890e580d9?w=1600&q=80&auto=format&fit=crop,2,The Westbrook Moto - side detail,,,,,,,,,,,,,,
the-westbrook-moto,,,Orlaven,,,,TRUE,,,,,,,,,,,,,,,,,,https://images.unsplash.com/photo-1548883354-94bcfe321cbb?w=1600&q=80&auto=format&fit=crop,3,The Westbrook Moto - lifestyle,,,,,,,,,,,,,,
the-camden-field-jacket,The Camden Field Jacket,"<p>A workwear silhouette in weatherproofed suede. Four utility pockets, drawcord waist, copper snaps.</p><ul><li>Handcrafted in our European atelier</li><li>Premium hardware and bonded-thread stitching</li><li>Lifetime repair guarantee</li></ul>",Orlaven,Apparel & Accessories > Clothing > Outerwear > Coats & Jackets,Field Jacket,"field, suede, jackets, outerwear",TRUE,Size,S,Color,Fawn,,,ORL-CAMDEN-FIELD-JACKET-S-FWN,1100,shopify,8,deny,manual,795.00,,TRUE,TRUE,,https://images.unsplash.com/photo-1551232864-3f0890e580d9?w=1600&q=80&auto=format&fit=crop,1,The Camden Field Jacket in Fawn - front view,FALSE,The Camden Field Jacket | Handcrafted Leather | Orlaven,The Camden Field Jacket: suede field jacket handcrafted by Orlaven. Sizes S to XXL. Free shipping over $200.,Apparel & Accessories > Clothing > Outerwear > Coats & Jackets,unisex,adult,ORL-CAMDEN-FIELD-JACKET-S-FWN,new,TRUE,,g,,318.00,active
the-camden-field-jacket,,,Orlaven,,,,,Size,M,Color,Fawn,,,ORL-CAMDEN-FIELD-JACKET-M-FWN,1100,shopify,9,deny,manual,795.00,,TRUE,TRUE,,,,,FALSE,,,Apparel & Accessories > Clothing > Outerwear > Coats & Jackets,unisex,adult,ORL-CAMDEN-FIELD-JACKET-M-FWN,new,TRUE,,g,,318.00,active
the-camden-field-jacket,,,Orlaven,,,,,Size,L,Color,Fawn,,,ORL-CAMDEN-FIELD-JACKET-L-FWN,1100,shopify,10,deny,manual,795.00,,TRUE,TRUE,,,,,FALSE,,,Apparel & Accessories > Clothing > Outerwear > Coats & Jackets,unisex,adult,ORL-CAMDEN-FIELD-JACKET-L-FWN,new,TRUE,,g,,318.00,active
the-camden-field-jacket,,,Orlaven,,,,,Size,XL,Color,Fawn,,,ORL-CAMDEN-FIELD-JACKET-XL-FWN,1100,shopify,8,deny,manual,795.00,,TRUE,TRUE,,,,,FALSE,,,Apparel & Accessories > Clothing > Outerwear > Coats & Jackets,unisex,adult,ORL-CAMDEN-FIELD-JACKET-XL-FWN,new,TRUE,,g,,318.00,active
the-camden-field-jacket,,,Orlaven,,,,,Size,XXL,Color,Fawn,,,ORL-CAMDEN-FIELD-JACKET-XXL-FWN,1100,shopify,9,deny,manual,795.00,,TRUE,TRUE,,,,,FALSE,,,Apparel & Accessories > Clothing > Outerwear > Coats & Jackets,unisex,adult,ORL-CAMDEN-FIELD-JACKET-XXL-FWN,new,TRUE,,g,,318.00,active
the-camden-field-jacket,,,Orlaven,,,,,Size,S,Color,Espresso,,,ORL-CAMDEN-FIELD-JACKET-S-ESP,1100,shopify,9,deny,manual,795.00,,TRUE,TRUE,,,,,FALSE,,,Apparel & Accessories > Clothing > Outerwear > Coats & Jackets,unisex,adult,ORL-CAMDEN-FIELD-JACKET-S-ESP,new,TRUE,,g,,318.00,active
the-camden-field-jacket,,,Orlaven,,,,,Size,M,Color,Espresso,,,ORL-CAMDEN-FIELD-JACKET-M-ESP,1100,shopify,10,deny,manual,795.00,,TRUE,TRUE,,,,,FALSE,,,Apparel & Accessories > Clothing > Outerwear > Coats & Jackets,unisex,adult,ORL-CAMDEN-FIELD-JACKET-M-ESP,new,TRUE,,g,,318.00,active
the-camden-field-jacket,,,Orlaven,,,,,Size,L,Color,Espresso,,,ORL-CAMDEN-FIELD-JACKET-L-ESP,1100,shopify,11,deny,manual,795.00,,TRUE,TRUE,,,,,FALSE,,,Apparel & Accessories > Clothing > Outerwear > Coats & Jackets,unisex,adult,ORL-CAMDEN-FIELD-JACKET-L-ESP,new,TRUE,,g,,318.00,active
the-camden-field-jacket,,,Orlaven,,,,,Size,XL,Color,Espresso,,,ORL-CAMDEN-FIELD-JACKET-XL-ESP,1100,shopify,9,deny,manual,795.00,,TRUE,TRUE,,,,,FALSE,,,Apparel & Accessories > Clothing > Outerwear > Coats & Jackets,unisex,adult,ORL-CAMDEN-FIELD-JACKET-XL-ESP,new,TRUE,,g,,318.00,active
the-camden-field-jacket,,,Orlaven,,,,,Size,XXL,Color,Espresso,,,ORL-CAMDEN-FIELD-JACKET-XXL-ESP,1100,shopify,10,deny,manual,795.00,,TRUE,TRUE,,,,,FALSE,,,Apparel & Accessories > Clothing > Outerwear > Coats & Jackets,unisex,adult,ORL-CAMDEN-FIELD-JACKET-XXL-ESP,new,TRUE,,g,,318.00,active
the-camden-field-jacket,,,Orlaven,,,,TRUE,,,,,,,,,,,,,,,,,,https://images.unsplash.com/photo-1548883354-94bcfe321cbb?w=1600&q=80&auto=format&fit=crop,2,The Camden Field Jacket - side detail,,,,,,,,,,,,,,
the-ellis-leather-blazer,The Ellis Leather Blazer,"<p>Tailored blazer in soft lambskin. Two-button front, peak lapel, fully lined. Dress it up or throw it over denim.</p><ul><li>Handcrafted in our European atelier</li><li>Premium hardware and bonded-thread stitching</li><li>Lifetime repair guarantee</li></ul>",Orlaven,Apparel & Accessories > Clothing > Outerwear > Coats & Jackets,Blazer,"blazer, lambskin, new-arrivals, jackets",TRUE,Size,S,Color,Ivory,,,ORL-ELLIS-LEATHER-BLAZER-S-IVY,1050,shopify,8,deny,manual,995.00,,TRUE,TRUE,,https://images.unsplash.com/photo-1548883354-94bcfe321cbb?w=1600&q=80&auto=format&fit=crop,1,The Ellis Leather Blazer in Ivory - front view,FALSE,The Ellis Leather Blazer | Handcrafted Leather | Orlaven,The Ellis Leather Blazer: lambskin blazer handcrafted by Orlaven. Sizes S to XXL. Free shipping over $200.,Apparel & Accessories > Clothing > Outerwear > Coats & Jackets,unisex,adult,ORL-ELLIS-LEATHER-BLAZER-S-IVY,new,TRUE,,g,,398.00,active
the-ellis-leather-blazer,,,Orlaven,,,,,Size,M,Color,Ivory,,,ORL-ELLIS-LEATHER-BLAZER-M-IVY,1050,shopify,9,deny,manual,995.00,,TRUE,TRUE,,,,,FALSE,,,Apparel & Accessories > Clothing > Outerwear > Coats & Jackets,unisex,adult,ORL-ELLIS-LEATHER-BLAZER-M-IVY,new,TRUE,,g,,398.00,active
the-ellis-leather-blazer,,,Orlaven,,,,,Size,L,Color,Ivory,,,ORL-ELLIS-LEATHER-BLAZER-L-IVY,1050,shopify,10,deny,manual,995.00,,TRUE,TRUE,,,,,FALSE,,,Apparel & Accessories > Clothing > Outerwear > Coats & Jackets,unisex,adult,ORL-ELLIS-LEATHER-BLAZER-L-IVY,new,TRUE,,g,,398.00,active
the-ellis-leather-blazer,,,Orlaven,,,,,Size,XL,Color,Ivory,,,ORL-ELLIS-LEATHER-BLAZER-XL-IVY,1050,shopify,8,deny,manual,995.00,,TRUE,TRUE,,,,,FALSE,,,Apparel & Accessories > Clothing > Outerwear > Coats & Jackets,unisex,adult,ORL-ELLIS-LEATHER-BLAZER-XL-IVY,new,TRUE,,g,,398.00,active
the-ellis-leather-blazer,,,Orlaven,,,,,Size,XXL,Color,Ivory,,,ORL-ELLIS-LEATHER-BLAZER-XXL-IVY,1050,shopify,9,deny,manual,995.00,,TRUE,TRUE,,,,,FALSE,,,Apparel & Accessories > Clothing > Outerwear > Coats & Jackets,unisex,adult,ORL-ELLIS-LEATHER-BLAZER-XXL-IVY,new,TRUE,,g,,398.00,active
the-ellis-leather-blazer,,,Orlaven,,,,,Size,S,Color,Black,,,ORL-ELLIS-LEATHER-BLAZER-S-BLK,1050,shopify,9,deny,manual,995.00,,TRUE,TRUE,,,,,FALSE,,,Apparel & Accessories > Clothing > Outerwear > Coats & Jackets,unisex,adult,ORL-ELLIS-LEATHER-BLAZER-S-BLK,new,TRUE,,g,,398.00,active
the-ellis-leather-blazer,,,Orlaven,,,,,Size,M,Color,Black,,,ORL-ELLIS-LEATHER-BLAZER-M-BLK,1050,shopify,10,deny,manual,995.00,,TRUE,TRUE,,,,,FALSE,,,Apparel & Accessories > Clothing > Outerwear > Coats & Jackets,unisex,adult,ORL-ELLIS-LEATHER-BLAZER-M-BLK,new,TRUE,,g,,398.00,active
the-ellis-leather-blazer,,,Orlaven,,,,,Size,L,Color,Black,,,ORL-ELLIS-LEATHER-BLAZER-L-BLK,1050,shopify,11,deny,manual,995.00,,TRUE,TRUE,,,,,FALSE,,,Apparel & Accessories > Clothing > Outerwear > Coats & Jackets,unisex,adult,ORL-ELLIS-LEATHER-BLAZER-L-BLK,new,TRUE,,g,,398.00,active
the-ellis-leather-blazer,,,Orlaven,,,,,Size,XL,Color,Black,,,ORL-ELLIS-LEATHER-BLAZER-XL-BLK,1050,shopify,9,deny,manual,995.00,,TRUE,TRUE,,,,,FALSE,,,Apparel & Accessories > Clothing > Outerwear > Coats & Jackets,unisex,adult,ORL-ELLIS-LEATHER-BLAZER-XL-BLK,new,TRUE,,g,,398.00,active
the-ellis-leather-blazer,,,Orlaven,,,,,Size,XXL,Color,Black,,,ORL-ELLIS-LEATHER-BLAZER-XXL-BLK,1050,shopify,10,deny,manual,995.00,,TRUE,TRUE,,,,,FALSE,,,Apparel & Accessories > Clothing > Outerwear > Coats & Jackets,unisex,adult,ORL-ELLIS-LEATHER-BLAZER-XXL-BLK,new,TRUE,,g,,398.00,active
the-ellis-leather-blazer,,,Orlaven,,,,TRUE,,,,,,,,,,,,,,,,,,https://images.unsplash.com/photo-1527719327859-c6ce80353573?w=1600&q=80&auto=format&fit=crop,2,The Ellis Leather Blazer - side detail,,,,,,,,,,,,,,
the-ellis-leather-blazer,,,Orlaven,,,,TRUE,,,,,,,,,,,,,,,,,,https://images.unsplash.com/photo-1516762689617-e1cffcef479d?w=1600&q=80&auto=format&fit=crop,3,The Ellis Leather Blazer - lifestyle,,,,,,,,,,,,,,
the-thornton-trench,The Thornton Trench,"<p>Mid-calf leather trench with storm flap, epaulettes, and tie belt. Cut from oiled full-grain leather.</p><ul><li>Handcrafted in our European atelier</li><li>Premium hardware and bonded-thread stitching</li><li>Lifetime repair guarantee</li></ul>",Orlaven,Apparel & Accessories > Clothing > Outerwear > Coats & Jackets,Trench Coat,"trench, full-grain-leather, outerwear",TRUE,Size,S,Color,Cognac,,,ORL-THORNTON-TRENCH-S-COG,2100,shopify,8,deny,manual,1695.00,,TRUE,TRUE,,https://images.unsplash.com/photo-1527719327859-c6ce80353573?w=1600&q=80&auto=format&fit=crop,1,The Thornton Trench in Cognac - front view,FALSE,The Thornton Trench | Handcrafted Leather | Orlaven,The Thornton Trench: full grain leather trench coat handcrafted by Orlaven. Sizes S to XXL. Free shipping over $200.,Apparel & Accessories > Clothing > Outerwear > Coats & Jackets,unisex,adult,ORL-THORNTON-TRENCH-S-COG,new,TRUE,,g,,678.00,active
the-thornton-trench,,,Orlaven,,,,,Size,M,Color,Cognac,,,ORL-THORNTON-TRENCH-M-COG,2100,shopify,9,deny,manual,1695.00,,TRUE,TRUE,,,,,FALSE,,,Apparel & Accessories > Clothing > Outerwear > Coats & Jackets,unisex,adult,ORL-THORNTON-TRENCH-M-COG,new,TRUE,,g,,678.00,active
the-thornton-trench,,,Orlaven,,,,,Size,L,Color,Cognac,,,ORL-THORNTON-TRENCH-L-COG,2100,shopify,10,deny,manual,1695.00,,TRUE,TRUE,,,,,FALSE,,,Apparel & Accessories > Clothing > Outerwear > Coats & Jackets,unisex,adult,ORL-THORNTON-TRENCH-L-COG,new,TRUE,,g,,678.00,active
the-thornton-trench,,,Orlaven,,,,,Size,XL,Color,Cognac,,,ORL-THORNTON-TRENCH-XL-COG,2100,shopify,8,deny,manual,1695.00,,TRUE,TRUE,,,,,FALSE,,,Apparel & Accessories > Clothing > Outerwear > Coats & Jackets,unisex,adult,ORL-THORNTON-TRENCH-XL-COG,new,TRUE,,g,,678.00,active
the-thornton-trench,,,Orlaven,,,,,Size,XXL,Color,Cognac,,,ORL-THORNTON-TRENCH-XXL-COG,2100,shopify,9,deny,manual,1695.00,,TRUE,TRUE,,,,,FALSE,,,Apparel & Accessories > Clothing > Outerwear > Coats & Jackets,unisex,adult,ORL-THORNTON-TRENCH-XXL-COG,new,TRUE,,g,,678.00,active
the-thornton-trench,,,Orlaven,,,,,Size,S,Color,Espresso,,,ORL-THORNTON-TRENCH-S-ESP,2100,shopify,9,deny,manual,1695.00,,TRUE,TRUE,,,,,FALSE,,,Apparel & Accessories > Clothing > Outerwear > Coats & Jackets,unisex,adult,ORL-THORNTON-TRENCH-S-ESP,new,TRUE,,g,,678.00,active
the-thornton-trench,,,Orlaven,,,,,Size,M,Color,Espresso,,,ORL-THORNTON-TRENCH-M-ESP,2100,shopify,10,deny,manual,1695.00,,TRUE,TRUE,,,,,FALSE,,,Apparel & Accessories > Clothing > Outerwear > Coats & Jackets,unisex,adult,ORL-THORNTON-TRENCH-M-ESP,new,TRUE,,g,,678.00,active
the-thornton-trench,,,Orlaven,,,,,Size,L,Color,Espresso,,,ORL-THORNTON-TRENCH-L-ESP,2100,shopify,11,deny,manual,1695.00,,TRUE,TRUE,,,,,FALSE,,,Apparel & Accessories > Clothing > Outerwear > Coats & Jackets,unisex,adult,ORL-THORNTON-TRENCH-L-ESP,new,TRUE,,g,,678.00,active
the-thornton-trench,,,Orlaven,,,,,Size,XL,Color,Espresso,,,ORL-THORNTON-TRENCH-XL-ESP,2100,shopify,9,deny,manual,1695.00,,TRUE,TRUE,,,,,FALSE,,,Apparel & Accessories > Clothing > Outerwear > Coats & Jackets,unisex,adult,ORL-THORNTON-TRENCH-XL-ESP,new,TRUE,,g,,678.00,active
the-thornton-trench,,,Orlaven,,,,,Size,XXL,Color,Espresso,,,ORL-THORNTON-TRENCH-XXL-ESP,2100,shopify,10,deny,manual,1695.00,,TRUE,TRUE,,,,,FALSE,,,Apparel & Accessories > Clothing > Outerwear > Coats & Jackets,unisex,adult,ORL-THORNTON-TRENCH-XXL-ESP,new,TRUE,,g,,678.00,active
the-thornton-trench,,,Orlaven,,,,TRUE,,,,,,,,,,,,,,,,,,https://images.unsplash.com/photo-1516762689617-e1cffcef479d?w=1600&q=80&auto=format&fit=crop,2,The Thornton Trench - side detail,,,,,,,,,,,,,,
the-thornton-trench,,,Orlaven,,,,TRUE,,,,,,,,,,,,,,,,,,https://images.unsplash.com/photo-1591047139829-d91aecb6caea?w=1600&q=80&auto=format&fit=crop,3,The Thornton Trench - lifestyle,,,,,,,,,,,,,,
the-bronson-chore-coat,The Bronson Chore Coat,"<p>A classic French chore coat reimagined in soft suede. Three patch pockets, triple-needle stitching.</p><ul><li>Handcrafted in our European atelier</li><li>Premium hardware and bonded-thread stitching</li><li>Lifetime repair guarantee</li></ul>",Orlaven,Apparel & Accessories > Clothing > Outerwear > Coats & Jackets,Chore Coat,"chore, suede, jackets",TRUE,Size,S,Color,Fawn,,,ORL-BRONSON-CHORE-COAT-S-FWN,950,shopify,8,deny,manual,695.00,,TRUE,TRUE,,https://images.unsplash.com/photo-1516762689617-e1cffcef479d?w=1600&q=80&auto=format&fit=crop,1,The Bronson Chore Coat in Fawn - front view,FALSE,The Bronson Chore Coat | Handcrafted Leather | Orlaven,The Bronson Chore Coat: suede chore coat handcrafted by Orlaven. Sizes S to XXL. Free shipping over $200.,Apparel & Accessories > Clothing > Outerwear > Coats & Jackets,unisex,adult,ORL-BRONSON-CHORE-COAT-S-FWN,new,TRUE,,g,,278.00,active
the-bronson-chore-coat,,,Orlaven,,,,,Size,M,Color,Fawn,,,ORL-BRONSON-CHORE-COAT-M-FWN,950,shopify,9,deny,manual,695.00,,TRUE,TRUE,,,,,FALSE,,,Apparel & Accessories > Clothing > Outerwear > Coats & Jackets,unisex,adult,ORL-BRONSON-CHORE-COAT-M-FWN,new,TRUE,,g,,278.00,active
the-bronson-chore-coat,,,Orlaven,,,,,Size,L,Color,Fawn,,,ORL-BRONSON-CHORE-COAT-L-FWN,950,shopify,10,deny,manual,695.00,,TRUE,TRUE,,,,,FALSE,,,Apparel & Accessories > Clothing > Outerwear > Coats & Jackets,unisex,adult,ORL-BRONSON-CHORE-COAT-L-FWN,new,TRUE,,g,,278.00,active
the-bronson-chore-coat,,,Orlaven,,,,,Size,XL,Color,Fawn,,,ORL-BRONSON-CHORE-COAT-XL-FWN,950,shopify,8,deny,manual,695.00,,TRUE,TRUE,,,,,FALSE,,,Apparel & Accessories > Clothing > Outerwear > Coats & Jackets,unisex,adult,ORL-BRONSON-CHORE-COAT-XL-FWN,new,TRUE,,g,,278.00,active
the-bronson-chore-coat,,,Orlaven,,,,,Size,XXL,Color,Fawn,,,ORL-BRONSON-CHORE-COAT-XXL-FWN,950,shopify,9,deny,manual,695.00,,TRUE,TRUE,,,,,FALSE,,,Apparel & Accessories > Clothing > Outerwear > Coats & Jackets,unisex,adult,ORL-BRONSON-CHORE-COAT-XXL-FWN,new,TRUE,,g,,278.00,active
the-bronson-chore-coat,,,Orlaven,,,,,Size,S,Color,Espresso,,,ORL-BRONSON-CHORE-COAT-S-ESP,950,shopify,9,deny,manual,695.00,,TRUE,TRUE,,,,,FALSE,,,Apparel & Accessories > Clothing > Outerwear > Coats & Jackets,unisex,adult,ORL-BRONSON-CHORE-COAT-S-ESP,new,TRUE,,g,,278.00,active
the-bronson-chore-coat,,,Orlaven,,,,,Size,M,Color,Espresso,,,ORL-BRONSON-CHORE-COAT-M-ESP,950,shopify,10,deny,manual,695.00,,TRUE,TRUE,,,,,FALSE,,,Apparel & Accessories > Clothing > Outerwear > Coats & Jackets,unisex,adult,ORL-BRONSON-CHORE-COAT-M-ESP,new,TRUE,,g,,278.00,active
the-bronson-chore-coat,,,Orlaven,,,,,Size,L,Color,Espresso,,,ORL-BRONSON-CHORE-COAT-L-ESP,950,shopify,11,deny,manual,695.00,,TRUE,TRUE,,,,,FALSE,,,Apparel & Accessories > Clothing > Outerwear > Coats & Jackets,unisex,adult,ORL-BRONSON-CHORE-COAT-L-ESP,new,TRUE,,g,,278.00,active
the-bronson-chore-coat,,,Orlaven,,,,,Size,XL,Color,Espresso,,,ORL-BRONSON-CHORE-COAT-XL-ESP,950,shopify,9,deny,manual,695.00,,TRUE,TRUE,,,,,FALSE,,,Apparel & Accessories > Clothing > Outerwear > Coats & Jackets,unisex,adult,ORL-BRONSON-CHORE-COAT-XL-ESP,new,TRUE,,g,,278.00,active
the-bronson-chore-coat,,,Orlaven,,,,,Size,XXL,Color,Espresso,,,ORL-BRONSON-CHORE-COAT-XXL-ESP,950,shopify,10,deny,manual,695.00,,TRUE,TRUE,,,,,FALSE,,,Apparel & Accessories > Clothing > Outerwear > Coats & Jackets,unisex,adult,ORL-BRONSON-CHORE-COAT-XXL-ESP,new,TRUE,,g,,278.00,active
the-bronson-chore-coat,,,Orlaven,,,,TRUE,,,,,,,,,,,,,,,,,,https://images.unsplash.com/photo-1591047139829-d91aecb6caea?w=1600&q=80&auto=format&fit=crop,2,The Bronson Chore Coat - side detail,,,,,,,,,,,,,,
the-rhodes-racer-vest,The Rhodes Racer Vest,"<p>A sleeveless racer in full-grain leather. Layer over knitwear, under a trench, wear solo on warmer days.</p><ul><li>Handcrafted in our European atelier</li><li>Premium hardware and bonded-thread stitching</li><li>Lifetime repair guarantee</li></ul>",Orlaven,Apparel & Accessories > Clothing > Outerwear > Coats & Jackets,Vest,"vest, full-grain-leather, jackets",TRUE,Size,S,Color,Black,,,ORL-RHODES-RACER-VEST-S-BLK,700,shopify,8,deny,manual,595.00,,TRUE,TRUE,,https://images.unsplash.com/photo-1591047139829-d91aecb6caea?w=1600&q=80&auto=format&fit=crop,1,The Rhodes Racer Vest in Black - front view,FALSE,The Rhodes Racer Vest | Handcrafted Leather | Orlaven,The Rhodes Racer Vest: full grain leather vest handcrafted by Orlaven. Sizes S to XXL. Free shipping over $200.,Apparel & Accessories > Clothing > Outerwear > Coats & Jackets,unisex,adult,ORL-RHODES-RACER-VEST-S-BLK,new,TRUE,,g,,238.00,active
the-rhodes-racer-vest,,,Orlaven,,,,,Size,M,Color,Black,,,ORL-RHODES-RACER-VEST-M-BLK,700,shopify,9,deny,manual,595.00,,TRUE,TRUE,,,,,FALSE,,,Apparel & Accessories > Clothing > Outerwear > Coats & Jackets,unisex,adult,ORL-RHODES-RACER-VEST-M-BLK,new,TRUE,,g,,238.00,active
the-rhodes-racer-vest,,,Orlaven,,,,,Size,L,Color,Black,,,ORL-RHODES-RACER-VEST-L-BLK,700,shopify,10,deny,manual,595.00,,TRUE,TRUE,,,,,FALSE,,,Apparel & Accessories > Clothing > Outerwear > Coats & Jackets,unisex,adult,ORL-RHODES-RACER-VEST-L-BLK,new,TRUE,,g,,238.00,active
the-rhodes-racer-vest,,,Orlaven,,,,,Size,XL,Color,Black,,,ORL-RHODES-RACER-VEST-XL-BLK,700,shopify,8,deny,manual,595.00,,TRUE,TRUE,,,,,FALSE,,,Apparel & Accessories > Clothing > Outerwear > Coats & Jackets,unisex,adult,ORL-RHODES-RACER-VEST-XL-BLK,new,TRUE,,g,,238.00,active
the-rhodes-racer-vest,,,Orlaven,,,,,Size,XXL,Color,Black,,,ORL-RHODES-RACER-VEST-XXL-BLK,700,shopify,9,deny,manual,595.00,,TRUE,TRUE,,,,,FALSE,,,Apparel & Accessories > Clothing > Outerwear > Coats & Jackets,unisex,adult,ORL-RHODES-RACER-VEST-XXL-BLK,new,TRUE,,g,,238.00,active
the-rhodes-racer-vest,,,Orlaven,,,,,Size,S,Color,Espresso,,,ORL-RHODES-RACER-VEST-S-ESP,700,shopify,9,deny,manual,595.00,,TRUE,TRUE,,,,,FALSE,,,Apparel & Accessories > Clothing > Outerwear > Coats & Jackets,unisex,adult,ORL-RHODES-RACER-VEST-S-ESP,new,TRUE,,g,,238.00,active
the-rhodes-racer-vest,,,Orlaven,,,,,Size,M,Color,Espresso,,,ORL-RHODES-RACER-VEST-M-ESP,700,shopify,10,deny,manual,595.00,,TRUE,TRUE,,,,,FALSE,,,Apparel & Accessories > Clothing > Outerwear > Coats & Jackets,unisex,adult,ORL-RHODES-RACER-VEST-M-ESP,new,TRUE,,g,,238.00,active
the-rhodes-racer-vest,,,Orlaven,,,,,Size,L,Color,Espresso,,,ORL-RHODES-RACER-VEST-L-ESP,700,shopify,11,deny,manual,595.00,,TRUE,TRUE,,,,,FALSE,,,Apparel & Accessories > Clothing > Outerwear > Coats & Jackets,unisex,adult,ORL-RHODES-RACER-VEST-L-ESP,new,TRUE,,g,,238.00,active
the-rhodes-racer-vest,,,Orlaven,,,,,Size,XL,Color,Espresso,,,ORL-RHODES-RACER-VEST-XL-ESP,700,shopify,9,deny,manual,595.00,,TRUE,TRUE,,,,,FALSE,,,Apparel & Accessories > Clothing > Outerwear > Coats & Jackets,unisex,adult,ORL-RHODES-RACER-VEST-XL-ESP,new,TRUE,,g,,238.00,active
the-rhodes-racer-vest,,,Orlaven,,,,,Size,XXL,Color,Espresso,,,ORL-RHODES-RACER-VEST-XXL-ESP,700,shopify,10,deny,manual,595.00,,TRUE,TRUE,,,,,FALSE,,,Apparel & Accessories > Clothing > Outerwear > Coats & Jackets,unisex,adult,ORL-RHODES-RACER-VEST-XXL-ESP,new,TRUE,,g,,238.00,active
the-rhodes-racer-vest,,,Orlaven,,,,TRUE,,,,,,,,,,,,,,,,,,https://images.unsplash.com/photo-1562157873-818bc0726f68?w=1600&q=80&auto=format&fit=crop,2,The Rhodes Racer Vest - side detail,,,,,,,,,,,,,,
the-langley-shirt-jacket,The Langley Shirt Jacket,"<p>Shirt-weight lambskin overshirt with snap buttons and twin chest pockets. Packable, breathable, endlessly wearable.</p><ul><li>Handcrafted in our European atelier</li><li>Premium hardware and bonded-thread stitching</li><li>Lifetime repair guarantee</li></ul>",Orlaven,Apparel & Accessories > Clothing > Outerwear > Coats & Jackets,Shirt Jacket,"shirt-jacket, lambskin, new-arrivals, jackets",TRUE,Size,S,Color,Cognac,,,ORL-LANGLEY-SHIRT-JACKET-S-COG,800,shopify,8,deny,manual,795.00,,TRUE,TRUE,,https://images.unsplash.com/photo-1562157873-818bc0726f68?w=1600&q=80&auto=format&fit=crop,1,The Langley Shirt Jacket in Cognac - front view,FALSE,The Langley Shirt Jacket | Handcrafted Leather | Orlaven,The Langley Shirt Jacket: lambskin shirt jacket handcrafted by Orlaven. Sizes S to XXL. Free shipping over $200.,Apparel & Accessories > Clothing > Outerwear > Coats & Jackets,unisex,adult,ORL-LANGLEY-SHIRT-JACKET-S-COG,new,TRUE,,g,,318.00,active
the-langley-shirt-jacket,,,Orlaven,,,,,Size,M,Color,Cognac,,,ORL-LANGLEY-SHIRT-JACKET-M-COG,800,shopify,9,deny,manual,795.00,,TRUE,TRUE,,,,,FALSE,,,Apparel & Accessories > Clothing > Outerwear > Coats & Jackets,unisex,adult,ORL-LANGLEY-SHIRT-JACKET-M-COG,new,TRUE,,g,,318.00,active
the-langley-shirt-jacket,,,Orlaven,,,,,Size,L,Color,Cognac,,,ORL-LANGLEY-SHIRT-JACKET-L-COG,800,shopify,10,deny,manual,795.00,,TRUE,TRUE,,,,,FALSE,,,Apparel & Accessories > Clothing > Outerwear > Coats & Jackets,unisex,adult,ORL-LANGLEY-SHIRT-JACKET-L-COG,new,TRUE,,g,,318.00,active
the-langley-shirt-jacket,,,Orlaven,,,,,Size,XL,Color,Cognac,,,ORL-LANGLEY-SHIRT-JACKET-XL-COG,800,shopify,8,deny,manual,795.00,,TRUE,TRUE,,,,,FALSE,,,Apparel & Accessories > Clothing > Outerwear > Coats & Jackets,unisex,adult,ORL-LANGLEY-SHIRT-JACKET-XL-COG,new,TRUE,,g,,318.00,active
the-langley-shirt-jacket,,,Orlaven,,,,,Size,XXL,Color,Cognac,,,ORL-LANGLEY-SHIRT-JACKET-XXL-COG,800,shopify,9,deny,manual,795.00,,TRUE,TRUE,,,,,FALSE,,,Apparel & Accessories > Clothing > Outerwear > Coats & Jackets,unisex,adult,ORL-LANGLEY-SHIRT-JACKET-XXL-COG,new,TRUE,,g,,318.00,active
the-langley-shirt-jacket,,,Orlaven,,,,,Size,S,Color,Espresso,,,ORL-LANGLEY-SHIRT-JACKET-S-ESP,800,shopify,9,deny,manual,795.00,,TRUE,TRUE,,,,,FALSE,,,Apparel & Accessories > Clothing > Outerwear > Coats & Jackets,unisex,adult,ORL-LANGLEY-SHIRT-JACKET-S-ESP,new,TRUE,,g,,318.00,active
the-langley-shirt-jacket,,,Orlaven,,,,,Size,M,Color,Espresso,,,ORL-LANGLEY-SHIRT-JACKET-M-ESP,800,shopify,10,deny,manual,795.00,,TRUE,TRUE,,,,,FALSE,,,Apparel & Accessories > Clothing > Outerwear > Coats & Jackets,unisex,adult,ORL-LANGLEY-SHIRT-JACKET-M-ESP,new,TRUE,,g,,318.00,active
the-langley-shirt-jacket,,,Orlaven,,,,,Size,L,Color,Espresso,,,ORL-LANGLEY-SHIRT-JACKET-L-ESP,800,shopify,11,deny,manual,795.00,,TRUE,TRUE,,,,,FALSE,,,Apparel & Accessories > Clothing > Outerwear > Coats & Jackets,unisex,adult,ORL-LANGLEY-SHIRT-JACKET-L-ESP,new,TRUE,,g,,318.00,active
the-langley-shirt-jacket,,,Orlaven,,,,,Size,XL,Color,Espresso,,,ORL-LANGLEY-SHIRT-JACKET-XL-ESP,800,shopify,9,deny,manual,795.00,,TRUE,TRUE,,,,,FALSE,,,Apparel & Accessories > Clothing > Outerwear > Coats & Jackets,unisex,adult,ORL-LANGLEY-SHIRT-JACKET-XL-ESP,new,TRUE,,g,,318.00,active
the-langley-shirt-jacket,,,Orlaven,,,,,Size,XXL,Color,Espresso,,,ORL-LANGLEY-SHIRT-JACKET-XXL-ESP,800,shopify,10,deny,manual,795.00,,TRUE,TRUE,,,,,FALSE,,,Apparel & Accessories > Clothing > Outerwear > Coats & Jackets,unisex,adult,ORL-LANGLEY-SHIRT-JACKET-XXL-ESP,new,TRUE,,g,,318.00,active
the-langley-shirt-jacket,,,Orlaven,,,,,Size,S,Color,Black,,,ORL-LANGLEY-SHIRT-JACKET-S-BLK,800,shopify,8,deny,manual,795.00,,TRUE,TRUE,,,,,FALSE,,,Apparel & Accessories > Clothing > Outerwear > Coats & Jackets,unisex,adult,ORL-LANGLEY-SHIRT-JACKET-S-BLK,new,TRUE,,g,,318.00,active
the-langley-shirt-jacket,,,Orlaven,,,,,Size,M,Color,Black,,,ORL-LANGLEY-SHIRT-JACKET-M-BLK,800,shopify,9,deny,manual,795.00,,TRUE,TRUE,,,,,FALSE,,,Apparel & Accessories > Clothing > Outerwear > Coats & Jackets,unisex,adult,ORL-LANGLEY-SHIRT-JACKET-M-BLK,new,TRUE,,g,,318.00,active
the-langley-shirt-jacket,,,Orlaven,,,,,Size,L,Color,Black,,,ORL-LANGLEY-SHIRT-JACKET-L-BLK,800,shopify,10,deny,manual,795.00,,TRUE,TRUE,,,,,FALSE,,,Apparel & Accessories > Clothing > Outerwear > Coats & Jackets,unisex,adult,ORL-LANGLEY-SHIRT-JACKET-L-BLK,new,TRUE,,g,,318.00,active
the-langley-shirt-jacket,,,Orlaven,,,,,Size,XL,Color,Black,,,ORL-LANGLEY-SHIRT-JACKET-XL-BLK,800,shopify,8,deny,manual,795.00,,TRUE,TRUE,,,,,FALSE,,,Apparel & Accessories > Clothing > Outerwear > Coats & Jackets,unisex,adult,ORL-LANGLEY-SHIRT-JACKET-XL-BLK,new,TRUE,,g,,318.00,active
the-langley-shirt-jacket,,,Orlaven,,,,,Size,XXL,Color,Black,,,ORL-LANGLEY-SHIRT-JACKET-XXL-BLK,800,shopify,9,deny,manual,795.00,,TRUE,TRUE,,,,,FALSE,,,Apparel & Accessories > Clothing > Outerwear > Coats & Jackets,unisex,adult,ORL-LANGLEY-SHIRT-JACKET-XXL-BLK,new,TRUE,,g,,318.00,active
the-langley-shirt-jacket,,,Orlaven,,,,TRUE,,,,,,,,,,,,,,,,,,https://images.unsplash.com/photo-1542060748-10c28b62716f?w=1600&q=80&auto=format&fit=crop,2,The Langley Shirt Jacket - side detail,,,,,,,,,,,,,,
the-langley-shirt-jacket,,,Orlaven,,,,TRUE,,,,,,,,,,,,,,,,,,https://images.unsplash.com/photo-1543076447-215ad9ba6923?w=1600&q=80&auto=format&fit=crop,3,The Langley Shirt Jacket - lifestyle,,,,,,,,,,,,,,
the-pembroke-overcoat,The Pembroke Overcoat,"<p>A long overcoat in a wool-leather blend. Leather shell, wool body panels, horn buttons, hand-padded collar.</p><ul><li>Handcrafted in our European atelier</li><li>Premium hardware and bonded-thread stitching</li><li>Lifetime repair guarantee</li></ul>",Orlaven,Apparel & Accessories > Clothing > Outerwear > Coats & Jackets,Overcoat,"overcoat, wool-leather, outerwear",TRUE,Size,S,Color,Espresso,,,ORL-PEMBROKE-OVERCOAT-S-ESP,2300,shopify,8,deny,manual,1895.00,2095.00,TRUE,TRUE,,https://images.unsplash.com/photo-1542060748-10c28b62716f?w=1600&q=80&auto=format&fit=crop,1,The Pembroke Overcoat in Espresso - front view,FALSE,The Pembroke Overcoat | Handcrafted Leather | Orlaven,The Pembroke Overcoat: wool leather overcoat handcrafted by Orlaven. Sizes S to XXL. Free shipping over $200.,Apparel & Accessories > Clothing > Outerwear > Coats & Jackets,unisex,adult,ORL-PEMBROKE-OVERCOAT-S-ESP,new,TRUE,,g,,758.00,active
the-pembroke-overcoat,,,Orlaven,,,,,Size,M,Color,Espresso,,,ORL-PEMBROKE-OVERCOAT-M-ESP,2300,shopify,9,deny,manual,1895.00,2095.00,TRUE,TRUE,,,,,FALSE,,,Apparel & Accessories > Clothing > Outerwear > Coats & Jackets,unisex,adult,ORL-PEMBROKE-OVERCOAT-M-ESP,new,TRUE,,g,,758.00,active
the-pembroke-overcoat,,,Orlaven,,,,,Size,L,Color,Espresso,,,ORL-PEMBROKE-OVERCOAT-L-ESP,2300,shopify,10,deny,manual,1895.00,2095.00,TRUE,TRUE,,,,,FALSE,,,Apparel & Accessories > Clothing > Outerwear > Coats & Jackets,unisex,adult,ORL-PEMBROKE-OVERCOAT-L-ESP,new,TRUE,,g,,758.00,active
the-pembroke-overcoat,,,Orlaven,,,,,Size,XL,Color,Espresso,,,ORL-PEMBROKE-OVERCOAT-XL-ESP,2300,shopify,8,deny,manual,1895.00,2095.00,TRUE,TRUE,,,,,FALSE,,,Apparel & Accessories > Clothing > Outerwear > Coats & Jackets,unisex,adult,ORL-PEMBROKE-OVERCOAT-XL-ESP,new,TRUE,,g,,758.00,active
the-pembroke-overcoat,,,Orlaven,,,,,Size,XXL,Color,Espresso,,,ORL-PEMBROKE-OVERCOAT-XXL-ESP,2300,shopify,9,deny,manual,1895.00,2095.00,TRUE,TRUE,,,,,FALSE,,,Apparel & Accessories > Clothing > Outerwear > Coats & Jackets,unisex,adult,ORL-PEMBROKE-OVERCOAT-XXL-ESP,new,TRUE,,g,,758.00,active
the-pembroke-overcoat,,,Orlaven,,,,,Size,S,Color,Ink,,,ORL-PEMBROKE-OVERCOAT-S-INK,2300,shopify,9,deny,manual,1895.00,2095.00,TRUE,TRUE,,,,,FALSE,,,Apparel & Accessories > Clothing > Outerwear > Coats & Jackets,unisex,adult,ORL-PEMBROKE-OVERCOAT-S-INK,new,TRUE,,g,,758.00,active
the-pembroke-overcoat,,,Orlaven,,,,,Size,M,Color,Ink,,,ORL-PEMBROKE-OVERCOAT-M-INK,2300,shopify,10,deny,manual,1895.00,2095.00,TRUE,TRUE,,,,,FALSE,,,Apparel & Accessories > Clothing > Outerwear > Coats & Jackets,unisex,adult,ORL-PEMBROKE-OVERCOAT-M-INK,new,TRUE,,g,,758.00,active
the-pembroke-overcoat,,,Orlaven,,,,,Size,L,Color,Ink,,,ORL-PEMBROKE-OVERCOAT-L-INK,2300,shopify,11,deny,manual,1895.00,2095.00,TRUE,TRUE,,,,,FALSE,,,Apparel & Accessories > Clothing > Outerwear > Coats & Jackets,unisex,adult,ORL-PEMBROKE-OVERCOAT-L-INK,new,TRUE,,g,,758.00,active
the-pembroke-overcoat,,,Orlaven,,,,,Size,XL,Color,Ink,,,ORL-PEMBROKE-OVERCOAT-XL-INK,2300,shopify,9,deny,manual,1895.00,2095.00,TRUE,TRUE,,,,,FALSE,,,Apparel & Accessories > Clothing > Outerwear > Coats & Jackets,unisex,adult,ORL-PEMBROKE-OVERCOAT-XL-INK,new,TRUE,,g,,758.00,active
the-pembroke-overcoat,,,Orlaven,,,,,Size,XXL,Color,Ink,,,ORL-PEMBROKE-OVERCOAT-XXL-INK,2300,shopify,10,deny,manual,1895.00,2095.00,TRUE,TRUE,,,,,FALSE,,,Apparel & Accessories > Clothing > Outerwear > Coats & Jackets,unisex,adult,ORL-PEMBROKE-OVERCOAT-XXL-INK,new,TRUE,,g,,758.00,active
the-pembroke-overcoat,,,Orlaven,,,,TRUE,,,,,,,,,,,,,,,,,,https://images.unsplash.com/photo-1543076447-215ad9ba6923?w=1600&q=80&auto=format&fit=crop,2,The Pembroke Overcoat - side detail,,,,,,,,,,,,,,
the-pembroke-overcoat,,,Orlaven,,,,TRUE,,,,,,,,,,,,,,,,,,https://images.unsplash.com/photo-1580657018950-c7f7d6a6d990?w=1600&q=80&auto=format&fit=crop,3,The Pembroke Overcoat - lifestyle,,,,,,,,,,,,,,
the-whitaker-ranger,The Whitaker Ranger,"<p>Western-inspired suede ranger. Yoke detailing, pearlescent snaps, and a waxed finish for patina.</p><ul><li>Handcrafted in our European atelier</li><li>Premium hardware and bonded-thread stitching</li><li>Lifetime repair guarantee</li></ul>",Orlaven,Apparel & Accessories > Clothing > Outerwear > Coats & Jackets,Western Jacket,"western, suede, best-sellers, jackets",TRUE,Size,S,Color,Fawn,,,ORL-WHITAKER-RANGER-S-FWN,1000,shopify,8,deny,manual,895.00,,TRUE,TRUE,,https://images.unsplash.com/photo-1543076447-215ad9ba6923?w=1600&q=80&auto=format&fit=crop,1,The Whitaker Ranger in Fawn - front view,FALSE,The Whitaker Ranger | Handcrafted Leather | Orlaven,The Whitaker Ranger: suede western jacket handcrafted by Orlaven. Sizes S to XXL. Free shipping over $200.,Apparel & Accessories > Clothing > Outerwear > Coats & Jackets,unisex,adult,ORL-WHITAKER-RANGER-S-FWN,new,TRUE,,g,,358.00,active
the-whitaker-ranger,,,Orlaven,,,,,Size,M,Color,Fawn,,,ORL-WHITAKER-RANGER-M-FWN,1000,shopify,9,deny,manual,895.00,,TRUE,TRUE,,,,,FALSE,,,Apparel & Accessories > Clothing > Outerwear > Coats & Jackets,unisex,adult,ORL-WHITAKER-RANGER-M-FWN,new,TRUE,,g,,358.00,active
the-whitaker-ranger,,,Orlaven,,,,,Size,L,Color,Fawn,,,ORL-WHITAKER-RANGER-L-FWN,1000,shopify,10,deny,manual,895.00,,TRUE,TRUE,,,,,FALSE,,,Apparel & Accessories > Clothing > Outerwear > Coats & Jackets,unisex,adult,ORL-WHITAKER-RANGER-L-FWN,new,TRUE,,g,,358.00,active
the-whitaker-ranger,,,Orlaven,,,,,Size,XL,Color,Fawn,,,ORL-WHITAKER-RANGER-XL-FWN,1000,shopify,8,deny,manual,895.00,,TRUE,TRUE,,,,,FALSE,,,Apparel & Accessories > Clothing > Outerwear > Coats & Jackets,unisex,adult,ORL-WHITAKER-RANGER-XL-FWN,new,TRUE,,g,,358.00,active
the-whitaker-ranger,,,Orlaven,,,,,Size,XXL,Color,Fawn,,,ORL-WHITAKER-RANGER-XXL-FWN,1000,shopify,9,deny,manual,895.00,,TRUE,TRUE,,,,,FALSE,,,Apparel & Accessories > Clothing > Outerwear > Coats & Jackets,unisex,adult,ORL-WHITAKER-RANGER-XXL-FWN,new,TRUE,,g,,358.00,active
the-whitaker-ranger,,,Orlaven,,,,,Size,S,Color,Cognac,,,ORL-WHITAKER-RANGER-S-COG,1000,shopify,9,deny,manual,895.00,,TRUE,TRUE,,,,,FALSE,,,Apparel & Accessories > Clothing > Outerwear > Coats & Jackets,unisex,adult,ORL-WHITAKER-RANGER-S-COG,new,TRUE,,g,,358.00,active
the-whitaker-ranger,,,Orlaven,,,,,Size,M,Color,Cognac,,,ORL-WHITAKER-RANGER-M-COG,1000,shopify,10,deny,manual,895.00,,TRUE,TRUE,,,,,FALSE,,,Apparel & Accessories > Clothing > Outerwear > Coats & Jackets,unisex,adult,ORL-WHITAKER-RANGER-M-COG,new,TRUE,,g,,358.00,active
the-whitaker-ranger,,,Orlaven,,,,,Size,L,Color,Cognac,,,ORL-WHITAKER-RANGER-L-COG,1000,shopify,11,deny,manual,895.00,,TRUE,TRUE,,,,,FALSE,,,Apparel & Accessories > Clothing > Outerwear > Coats & Jackets,unisex,adult,ORL-WHITAKER-RANGER-L-COG,new,TRUE,,g,,358.00,active
the-whitaker-ranger,,,Orlaven,,,,,Size,XL,Color,Cognac,,,ORL-WHITAKER-RANGER-XL-COG,1000,shopify,9,deny,manual,895.00,,TRUE,TRUE,,,,,FALSE,,,Apparel & Accessories > Clothing > Outerwear > Coats & Jackets,unisex,adult,ORL-WHITAKER-RANGER-XL-COG,new,TRUE,,g,,358.00,active
the-whitaker-ranger,,,Orlaven,,,,,Size,XXL,Color,Cognac,,,ORL-WHITAKER-RANGER-XXL-COG,1000,shopify,10,deny,manual,895.00,,TRUE,TRUE,,,,,FALSE,,,Apparel & Accessories > Clothing > Outerwear > Coats & Jackets,unisex,adult,ORL-WHITAKER-RANGER-XXL-COG,new,TRUE,,g,,358.00,active
the-whitaker-ranger,,,Orlaven,,,,TRUE,,,,,,,,,,,,,,,,,,https://images.unsplash.com/photo-1580657018950-c7f7d6a6d990?w=1600&q=80&auto=format&fit=crop,2,The Whitaker Ranger - side detail,,,,,,,,,,,,,,
the-cortland-weekender,The Cortland Weekender,"<p>A soft lambskin weekender bag to match the jackets. Full-grain handles, cotton canvas lining, brass hardware.</p><ul><li>Handcrafted in our European atelier</li><li>Premium hardware and bonded-thread stitching</li><li>Lifetime repair guarantee</li></ul>",Orlaven,Apparel & Accessories > Clothing > Outerwear > Coats & Jackets,Weekender,"weekender, lambskin, new-arrivals, accessories",TRUE,Size,S,Color,Cognac,,,ORL-CORTLAND-WEEKENDER-S-COG,1600,shopify,8,deny,manual,695.00,,TRUE,TRUE,,https://images.unsplash.com/photo-1580657018950-c7f7d6a6d990?w=1600&q=80&auto=format&fit=crop,1,The Cortland Weekender in Cognac - front view,FALSE,The Cortland Weekender | Handcrafted Leather | Orlaven,The Cortland Weekender: lambskin weekender handcrafted by Orlaven. Sizes S to XXL. Free shipping over $200.,Apparel & Accessories > Clothing > Outerwear > Coats & Jackets,unisex,adult,ORL-CORTLAND-WEEKENDER-S-COG,new,TRUE,,g,,278.00,active
the-cortland-weekender,,,Orlaven,,,,,Size,M,Color,Cognac,,,ORL-CORTLAND-WEEKENDER-M-COG,1600,shopify,9,deny,manual,695.00,,TRUE,TRUE,,,,,FALSE,,,Apparel & Accessories > Clothing > Outerwear > Coats & Jackets,unisex,adult,ORL-CORTLAND-WEEKENDER-M-COG,new,TRUE,,g,,278.00,active
the-cortland-weekender,,,Orlaven,,,,,Size,L,Color,Cognac,,,ORL-CORTLAND-WEEKENDER-L-COG,1600,shopify,10,deny,manual,695.00,,TRUE,TRUE,,,,,FALSE,,,Apparel & Accessories > Clothing > Outerwear > Coats & Jackets,unisex,adult,ORL-CORTLAND-WEEKENDER-L-COG,new,TRUE,,g,,278.00,active
the-cortland-weekender,,,Orlaven,,,,,Size,XL,Color,Cognac,,,ORL-CORTLAND-WEEKENDER-XL-COG,1600,shopify,8,deny,manual,695.00,,TRUE,TRUE,,,,,FALSE,,,Apparel & Accessories > Clothing > Outerwear > Coats & Jackets,unisex,adult,ORL-CORTLAND-WEEKENDER-XL-COG,new,TRUE,,g,,278.00,active
the-cortland-weekender,,,Orlaven,,,,,Size,XXL,Color,Cognac,,,ORL-CORTLAND-WEEKENDER-XXL-COG,1600,shopify,9,deny,manual,695.00,,TRUE,TRUE,,,,,FALSE,,,Apparel & Accessories > Clothing > Outerwear > Coats & Jackets,unisex,adult,ORL-CORTLAND-WEEKENDER-XXL-COG,new,TRUE,,g,,278.00,active
the-cortland-weekender,,,Orlaven,,,,,Size,S,Color,Espresso,,,ORL-CORTLAND-WEEKENDER-S-ESP,1600,shopify,9,deny,manual,695.00,,TRUE,TRUE,,,,,FALSE,,,Apparel & Accessories > Clothing > Outerwear > Coats & Jackets,unisex,adult,ORL-CORTLAND-WEEKENDER-S-ESP,new,TRUE,,g,,278.00,active
the-cortland-weekender,,,Orlaven,,,,,Size,M,Color,Espresso,,,ORL-CORTLAND-WEEKENDER-M-ESP,1600,shopify,10,deny,manual,695.00,,TRUE,TRUE,,,,,FALSE,,,Apparel & Accessories > Clothing > Outerwear > Coats & Jackets,unisex,adult,ORL-CORTLAND-WEEKENDER-M-ESP,new,TRUE,,g,,278.00,active
the-cortland-weekender,,,Orlaven,,,,,Size,L,Color,Espresso,,,ORL-CORTLAND-WEEKENDER-L-ESP,1600,shopify,11,deny,manual,695.00,,TRUE,TRUE,,,,,FALSE,,,Apparel & Accessories > Clothing > Outerwear > Coats & Jackets,unisex,adult,ORL-CORTLAND-WEEKENDER-L-ESP,new,TRUE,,g,,278.00,active
the-cortland-weekender,,,Orlaven,,,,,Size,XL,Color,Espresso,,,ORL-CORTLAND-WEEKENDER-XL-ESP,1600,shopify,9,deny,manual,695.00,,TRUE,TRUE,,,,,FALSE,,,Apparel & Accessories > Clothing > Outerwear > Coats & Jackets,unisex,adult,ORL-CORTLAND-WEEKENDER-XL-ESP,new,TRUE,,g,,278.00,active
the-cortland-weekender,,,Orlaven,,,,,Size,XXL,Color,Espresso,,,ORL-CORTLAND-WEEKENDER-XXL-ESP,1600,shopify,10,deny,manual,695.00,,TRUE,TRUE,,,,,FALSE,,,Apparel & Accessories > Clothing > Outerwear > Coats & Jackets,unisex,adult,ORL-CORTLAND-WEEKENDER-XXL-ESP,new,TRUE,,g,,278.00,active
the-cortland-weekender,,,Orlaven,,,,,Size,S,Color,Black,,,ORL-CORTLAND-WEEKENDER-S-BLK,1600,shopify,8,deny,manual,695.00,,TRUE,TRUE,,,,,FALSE,,,Apparel & Accessories > Clothing > Outerwear > Coats & Jackets,unisex,adult,ORL-CORTLAND-WEEKENDER-S-BLK,new,TRUE,,g,,278.00,active
the-cortland-weekender,,,Orlaven,,,,,Size,M,Color,Black,,,ORL-CORTLAND-WEEKENDER-M-BLK,1600,shopify,9,deny,manual,695.00,,TRUE,TRUE,,,,,FALSE,,,Apparel & Accessories > Clothing > Outerwear > Coats & Jackets,unisex,adult,ORL-CORTLAND-WEEKENDER-M-BLK,new,TRUE,,g,,278.00,active
the-cortland-weekender,,,Orlaven,,,,,Size,L,Color,Black,,,ORL-CORTLAND-WEEKENDER-L-BLK,1600,shopify,10,deny,manual,695.00,,TRUE,TRUE,,,,,FALSE,,,Apparel & Accessories > Clothing > Outerwear > Coats & Jackets,unisex,adult,ORL-CORTLAND-WEEKENDER-L-BLK,new,TRUE,,g,,278.00,active
the-cortland-weekender,,,Orlaven,,,,,Size,XL,Color,Black,,,ORL-CORTLAND-WEEKENDER-XL-BLK,1600,shopify,8,deny,manual,695.00,,TRUE,TRUE,,,,,FALSE,,,Apparel & Accessories > Clothing > Outerwear > Coats & Jackets,unisex,adult,ORL-CORTLAND-WEEKENDER-XL-BLK,new,TRUE,,g,,278.00,active
the-cortland-weekender,,,Orlaven,,,,,Size,XXL,Color,Black,,,ORL-CORTLAND-WEEKENDER-XXL-BLK,1600,shopify,9,deny,manual,695.00,,TRUE,TRUE,,,,,FALSE,,,Apparel & Accessories > Clothing > Outerwear > Coats & Jackets,unisex,adult,ORL-CORTLAND-WEEKENDER-XXL-BLK,new,TRUE,,g,,278.00,active
the-cortland-weekender,,,Orlaven,,,,TRUE,,,,,,,,,,,,,,,,,,https://images.unsplash.com/photo-1516257984-b1b4d707412e?w=1600&q=80&auto=format&fit=crop,2,The Cortland Weekender - side detail,,,,,,,,,,,,,,
